Camera #,Station ID,Date Started,Date Captured,Day,Time,Class,Common Name,Scientific Name,No. of Pics,No. of Inds.,Comments
2,CT3N,23/09/2014,02/10/2014,10,1:59,M,Lowland Paca,Cuniculus paca,1,1,Animal appears to be injured
2,CT3N,23/09/2014,03/10/2014,11,0:55,M,Lowland Paca,Cuniculus paca,1,1,Animal appears to be injured
2,CT3N,23/09/2014,19/10/2014,27,3:36,M,Red Brocket deer,Mazama americana,1,1,Animal appears to have a wound on the leg
2,CT3N,23/09/2014,20/10/2014,28,1:35,M,Lowland Paca,Cuniculus paca,1,1,appears to be walking
2,CT3N,23/09/2014,22/10/2014,30,23:03,M,Lowland Paca,Cuniculus paca,1,1,appears to be walking
2,CT3N,23/09/2014,28/10/2014,36,1:48,M,Lowland Paca,Cuniculus paca,1,1,appears to be walking
2,CT3N,23/09/2014,29/10/2014,37,18:45,M,Lowland Paca,Cuniculus paca,1,1,appears to be walking
2,CT3N,23/09/2014,30/10/2014,38,9:47,M,Collared Peccary,Pecari tajacu,1,1,appears to be walking
2,CT3N,23/09/2014,01/11/2014,40,2:08,M,Lowland Paca,Cuniculus paca,1,1,male
2,CT3N,23/09/2014,07/11/2014,46,12:00,M,Collared Peccary,Pecari tajacu,1,1,"Appears to be looking for food,picture was blurred"
2,CT3N,23/09/2014,07/11/2014,46,12:38,M,Collared Peccary,Pecari tajacu,1,1,"Appears to be injured, wound on leg"
2,CT3N,23/09/2014,08/11/2014,47,19:12,M,Lowland Paca,Cuniculus paca,1,1,Female
3,CT2N,24/09/2014,06/10/2014,13,2:29,M,Lowland Paca ,Cuniculus paca,1,1,"The left side of the animal is visible, however the animals head is not in the photograph."
3,CT2N,24/09/2014,06/10/2014,13,10:15,M,Giant Anteater,Myrmecophaga tridactyla,1,1,The animal is turning towards the right and the right anterior portion of the body is visible.
3,CT2N,24/09/2014,15/10/2014,22,11:39,B,Grey-winged trumpeter,Psophia crepitans,1,3,Animals appear to be walking passed the camera.
4,CT3A,20/09/2014,11/10/2014,22,21:38,M,Red Brocket deer,Mazama americana,2,1,Female
4,CT3A,20/09/2014,26/10/2014,37,11:31,M,Ocelot,Leopardus pardalis,1,1,left side
4,CT3A,20/09/2014,30/10/2014,41,7:53,M,Jaguar,Panthera onca,1,1,Left side visible
4,CT3A,20/09/2014,08/11/2014,50,17:36,M,Red Brocket deer,Mazama americana,1,1,Male
07,CT3R,20/09/2014,22/09/2014,3,21:15,M,Ocelot,Leopardus pardalis,1,1,"Right side of body, distinguishable white injury/mark on shoulder area"
07,CT3R,20/09/2014,23/09/2014,4,17:06,M,Jaguar,Panthera onca,1,1,Right side of body
07,CT3R,20/09/2014,04/10/2014,15,18:31,M,Jaguar,Panthera onca,1,1,"Right side of Jaguar, may be one as noted in CDY_0034"
07,CT3R,20/09/2014,16/10/2014,27,0:04,M,Lowland Paca,Cuniculus paca,1,2,Individuals sniffing around
08,CT2R,19/09/2014,20/09/2014,2,8:13,M,Jaguar,Panthera onca,1,1,Left side of Jaguar
08,CT2R,19/09/2014,24/09/2014,6,15:05,M,Jaguar,Panthera onca,1,1,Right side of jaguar 
08,CT2R,19/09/2014,29/09/2014,11,19:16,M,Puma,Puma concolor,3,1,
08,CT2R,19/09/2014,29/09/2014,11,20:22,M,Puma,Puma concolor,1,1,Right side of upper body
08,CT2R,19/09/2014,05/10/2014,17,10:04,M,Jaguar,Panthera onca,1,1,Right side of body
08,CT2R,19/09/2014,06/10/2014,18,10:21,M,Red Brocket deer,Mazama americana,1,1,Right posterior region
08,CT2R,19/09/2014,08/10/2014,20,6:21,M,Jaguar,Panthera onca,1,1,Left side of Jaguar
08,CT2R,19/09/2014,13/10/2014,25,7:54,M,Red Brocket deer,Mazama americana,1,1,Left side of deer
08,CT2R,19/09/2014,14/10/2014,26,10:34,M,Red Brocket deer,Mazama americana,1,1,Left side of deer
08,CT2R,19/09/2014,16/10/2014,28,2:19,M,Red Brocket deer,Mazama americana,1,1,"Left side, bruise on left ankle"
08,CT2R,19/09/2014,17/10/2014,29,7:22,M,Red Brocket deer,Mazama americana,1,1,Left anterior side 
9,CT7R,24/09/2014,27/09/2014,4,4:06,M,Ocelot ,Leopardus pardalis,1,1,"Male, right side of body, white marks on right-front leg"
9,CT7R,24/09/2014,29/09/2014,6,0:36,M,Lowland Paca,Cuniculus paca,1,1,"Right side, bruise on shoulder"
9,CT7R,24/09/2014,05/10/2014,12,2:05,M,Ocelot ,Leopardus pardalis,1,1,"Male, left side of body"
9,CT7R,24/09/2014,06/10/2014,13,7:36,M,Agouti,Dasyprocta leporina,1,1,Right side of body
9,CT7R,24/09/2014,11/10/2014,18,21:08,M,Ocelot ,Leopardus pardalis,1,1,Male- right side of body
9,CT7R,24/09/2014,13/10/2014,20,0:54,M,Ocelot,Leopardus pardalis,1,1,Left side of body
9,CT7R,24/09/2014,22/10/2014,29,8:14,M,Puma,Puma concolor,1,1,Right side of upper body
9,CT7R,24/09/2014,22/10/2014,29,8:24,M,Collared Peccary,Pecari tajacu,1,1,Right side of body
9,CT7R,24/09/2014,25/10/2014,32,1:31,M,Jaguar,Panthera onca,1,1,Left side of body. Injury on shoulder
9,CT7R,24/09/2014,25/10/2014,32,3:16,M,Ocelot ,Leopardus pardalis,1,1,"Male, right side of body, white marks on right-front leg"
9,CT7R,24/09/2014,26/10/2014,33,22:27,M,Tapir,Tapirus terrestris,2,1,Right side of upper body
9,CT7R,24/09/2014,27/10/2014,34,1:39,M,Jaguar,Panthera onca,1,1,Right side of body
9,CT7R,24/09/2014,31/10/2014,38,16:40,M,Collared Peccary,Pecari tajacu,1,1,Left side of body
9,CT7R,24/09/2014,01/11/2014,39,2:52,M,Tapir,Tapirus terrestris,1,1,Right side of body
9,CT7R,24/09/2014,02/11/2014,40,5:15,M,Puma ,Puma concolor,1,1,Right side of body
9,CT7R,24/09/2014,08/11/2014,46,21:01,M,Tapir,Tapirus terrestris,1,1,Left side of body
12,CT4C,21/09/2014,22/09/2014,2,11:43,M,Collared Peccary,Pecari tajacu,5,2,Peccaries observed sniffing around
12,CT4C,21/09/2014,27/09/2014,7,6:32,M,Agouti,Dasyprocta leporina,1,1,Left side of body
12,CT4C,21/09/2014,06/10/2014,16,12:41,M,Agouti,Dasyprocta leporina,1,1,Left side of body
12,CT4C,21/09/2014,07/10/2014,17,21:12,M,Red Brocket deer,Mazama americana,2,1,Right anterior region shown
12,CT4C,21/09/2014,21/10/2014,31,17:48,M,Acouchi,Myoprocta acouchy,1,1,"Female, Left side of body"
12,CT4C,21/09/2014,26/10/2014,36,11:42,M,Collared Peccary,Pecari tajacu,1,1,"Male, righ side of body"
12,CT4C,21/09/2014,01/11/2014,42,0:54,M,Lowland Paca,Cuniculus paca,1,1,Right side of body
12,CT4C,21/09/2014,08/11/2014,49,16:37,M,Collared Peccary,Pecari tajacu,6,3,"Peccaries observed sniffing around, one appears to be giving birth"
12,CT4C,21/09/2014,09/11/2014,50,4:04,M,Collared Peccary,Pecari tajacu,1,1,Head and posterior of peccary 
12,CT4C,21/09/2014,09/11/2014,50,6:02,M,Collared Peccary,Pecari tajacu,1,1,Head region of peccary
13,CT1R,24/09/2014,14/10/2014,21,5:21,M,Agouti,Dasyprocta leporina,1,1,Appears to be walking
13,CT1R,24/09/2014,14/10/2014,21,11:47,M,Agouti,Dasyprocta leporina,1,1,Appears to be running
13,CT1R,24/09/2014,16/10/2014,23,5:01,M,Agouti,Dasyprocta leporina,1,1,Appears to be a female walking 
13,CT1R,24/09/2014,18/10/2014,25,14:43,B,Grey-winged trumpeter,Psophia crepitans,1,4,Appear to just be standing
13,CT1R,24/09/2014,19/10/2014,26,8:37,M,Agouti,Dasyprocta leporina,2,1,Appears to be walking
13,CT1R,24/09/2014,21/10/2014,28,5:12,M,Agouti,Dasyprocta leporina,1,1,Appears to be an injured female walking 
13,CT1R,24/09/2014,24/10/2014,31,17:23,M,Agouti,Dasyprocta leporina,1,1,Appears to be injured at the mouth and walking 
13,CT1R,24/09/2014,28/10/2014,35,17:56,M,Acouchi,Myoprocta acouchy,1,1,Appears to be injured at the mouth and walking 
13,CT1R,24/09/2014,31/10/2014,38,7:03,M,Agouti,Dasyprocta leporina,1,1,Appears to be standing and looking into the camera
14,CT5Z,22/09/2014,22/09/2014,1,21:18,M,Lowland Paca,Cuniculus paca,1,1,"Left side, sniffing around"
14,CT5Z,22/09/2014,18/10/2014,27,12:17,M,Ocelot ,Leopardus pardalis,1,1,"Right side of body, Maybe margay"
14,CT5Z,22/09/2014,23/10/2014,32,8:03,M,Collared Peccary,Pecari tajacu,4,1,"Female, sniffing around"
14,CT5Z,22/09/2014,03/11/2014,43,11:34,B,Black Curassow,Crax alector,1,1,Left side of body
15,CT5B,22/09/2014,02/10/2014,11,17:52,M,Red Brocket deer,Mazama americana,2,1,What appears to be the rump of an animal can be seen in the photograph.
19,CT2C,19/09/2014,21/09/2014,3,15:46,B,Grey-winged trumpeter,Psophia crepitans,1,4,Appear to lingering around the camera
19,CT2C,19/09/2014,25/09/2014,7,17:33,M,Agouti,Dasyprocta leporina,3,1,Appears to be a male carrying an object in its mouth
19,CT2C,19/09/2014,27/09/2014,9,7:25,M,Agouti,Dasyprocta leporina,1,1,Appears to be  carrying an object in its mouth
19,CT2C,19/09/2014,27/09/2014,9,8:02,M,Agouti,Dasyprocta leporina,2,1,Appears to be  foraging 
19,CT2C,19/09/2014,27/09/2014,9,8:38,M,Agouti,Dasyprocta leporina,6,1,Appears to walking
19,CT2C,19/09/2014,27/09/2014,9,9:19,M,Agouti,Dasyprocta leporina,4,1,"Appears to be  foraging,carring object in its mouth"
19,CT2C,19/09/2014,27/09/2014,9,12:43,M,Ocelot,Leopardus pardalis,1,1,left side. Cute photograph
19,CT2C,19/09/2014,27/09/2014,9,16:53,M,Agouti,Dasyprocta leporina,6,1,"Appears to running, injured and carrying object in its mouth"
19,CT2C,19/09/2014,28/09/2014,10,6:11,M,Agouti,Dasyprocta leporina,3,1,Appears to be an injured female  carrying an object in ts mouth
19,CT2C,19/09/2014,28/09/2014,10,15:44,M,Agouti,Dasyprocta leporina,5,2,"Appears to walking,male,scar on the left jaw"
19,CT2C,19/09/2014,28/09/2014,10,16:33,M,Agouti,Dasyprocta leporina,2,1,Appears to be foraging
19,CT2C,19/09/2014,29/09/2014,11,8:38,M,Agouti,Dasyprocta leporina,1,1,Appears to be  carrying an object in its mouth
19,CT2C,19/09/2014,03/10/2014,15,4:38,M,Red Brocket Deer,Mazama americana,1,1,Appears to just be standing
19,CT2C,19/09/2014,03/10/2014,15,16:31,B,Grey-winged trumpeter,Psophia crepitans,1,1,Appears to just be standing
19,CT2C,19/09/2014,05/10/2014,17,14:14,M,Collared Peccary,Pecari tajacu,2,2,Appear to just be standing
19,CT2C,19/09/2014,06/10/2014,18,9:36,M,Agouti,Dasyprocta leporina,1,1,Appears to be foraging
19,CT2C,19/09/2014,07/10/2014,19,8:57,B,Grey-winged trumpeter,Psophia crepitans,1,1,Appears to just be standing
19,CT2C,19/09/2014,07/10/2014,19,13:56,B,Grey-winged trumpeter,Psophia crepitans,2,2,Appears to just be standing
19,CT2C,19/09/2014,07/10/2014,19,14:43,B,Grey-winged trumpeter,Psophia crepitans,2,2,Appears to just be standing and eating
19,CT2C,19/09/2014,10/10/2014,22,5:14,M,Collared Peccary,Pecari tajacu,2,3,Appears to running
19,CT2C,19/09/2014,12/10/2014,24,17:26,M,Jaguarundi,Herpailurus yagouaroundi,2,1,"left side, male"
19,CT2C,19/09/2014,14/10/2014,26,8:50,B,Grey-winged trumpeter,Psophia crepitans,1,1,Appears to just be standing
19,CT2C,19/09/2014,18/10/2014,30,14:09,M,Agouti,Dasyprocta leporina,1,1,Appears to be foraging
19,CT2C,19/09/2014,21/10/2014,33,3:25,M,Armadillo,Dasypus sp.,1,1,Appears to running
19,CT2C,19/09/2014,25/10/2014,37,14:25,M,Agouti,Dasyprocta leporina,1,1,Appears to be foraging
19,CT2C,19/09/2014,27/10/2014,39,12:41,B,Grey-winged trumpeter,Psophia crepitans,1,1,Appears to just be standing
19,CT2C,19/09/2014,29/10/2014,41,23:03,M,Lowland Paca,Cuniculus paca,1,1,Appears to just be standing
21,CT4R,21/09/2014,21/09/2014,1,22:33,M,Puma,Puma concolor,1,1,"Appears to be walking, Male with a healthy appearance,left side captured"
21,CT4R,21/09/2014,21/09/2014,1,22:43,M,Ocelot,Leopardus pardalis,1,1,"Appears to be walking, healthy appearance,left side captured"
21,CT4R,21/09/2014,04/10/2014,14,16:16,M,Jaguar,Panthera onca,1,1,"Right side visible, sex cannot be determined"
21,CT4R,21/09/2014,09/10/2014,19,10:53,M,Jaguar,Panthera onca,1,1,"Left side visible, sex not determined"
21,CT4R,21/09/2014,11/10/2014,21,4:51,M,Puma,Puma concolor,1,1,"Left side, only rear end visible, apppears to be walking"
21,CT4R,21/09/2014,22/10/2014,32,21:31,M,Puma,Puma concolor,1,1,"Appears to be walking, female, left side, appears to be healthy"
21,CT4R,21/09/2014,23/10/2014,33,5:22,M,Puma,Puma concolor,1,1,"Appears to be walking, female, right side, appears to be healthy"
21,CT4R,21/09/2014,29/10/2014,39,9:02,M,Red Brocket Deer,Mazama americana,1,1,Appears to be walking
21,CT4R,21/09/2014,29/10/2014,39,19:07,M,Puma,Puma concolor,1,1,"Appears to be walking, right side, appears to be healthy"
24,CT5R,23/09/2014,16/10/2014,24,16:56,M,Jaguar,Panthera onca,1,1,Left side of the animal 
24,CT5R,23/09/2014,22/10/2014,30,23:17,M,Puma,Puma concolor,1,1,The left side of the animal is completely visible. Animal appears slightly malnourished
32,CT3C,20/09/2014,23/09/2014,4,9:22,B,Grey-winged trumpeter,Psophia crepitans,1,5,"In one instance, there is either an individual opening one of its wings. "
32,CT3C,20/09/2014,28/09/2014,9,11:06,M,Red Brocket Deer,Mazama americana,1,1,Single individual walking passed and looking at the camera.
32,CT3C,20/09/2014,06/10/2014,17,7:49,M,Jaguar,Panthera onca,1,1,
32,CT3C,20/09/2014,13/10/2014,24,4:18,M,Red Brocket Deer,Mazama americana,1,1,Animal appears to be foraging while passing the camera.
32,CT3C,20/09/2014,14/10/2014,25,15:02,M,Agouti,Dasyprocta leporina,1,1,"Possibly a male animal, the animals back it toward the camera."
32,CT3C,20/09/2014,19/10/2014,30,0:50,B,Grey-winged trumpeter,Psophia crepitans,1,2,The birds appear to be heading toward the area behind the camera
32,CT3C,20/09/2014,26/10/2014,37,2:44,M,Lowland Paca,Cuniculus paca,2,1,The rump of the animal apears to have a number a ticks.
32,CT3C,20/09/2014,27/10/2014,38,13:36,B,Grey-winged trumpeter,Psophia crepitans,2,4,
32,CT3C,20/09/2014,27/10/2014,38,14:56,M,Collared Peccary,Pecari tajacu,3,1,A collared peccary appears to be cicrling the palm in the center of the photograph.
32,CT3C,20/09/2014,11/11/2014,53,0:31,M,Tapir,Tapirus terrestris,1,1,
34,CT5O,23/09/2014,13/10/2014,21,17:53,M,Red Brocket deer,Mazama americana,1,1,"Right side, bruises on neck, left ankle"
34,CT5O,23/09/2014,27/10/2014,35,2:42,M,Red Brocket deer,Mazama americana,1,1,"Right side, same as CDY_0003"
34,CT5O,23/09/2014,28/10/2014,36,6:34,M,Grey Brocket deer,Mazama nemorivaga,1,1,"Left side, lower body"
34,CT5O,23/09/2014,03/11/2014,42,6:16,M,Collared Peccary,Pecari tajacu,1,1,Left side of body
37,CT1E,18/09/2014,29/09/2014,12,13:46,B,Grey-winged trumpeter,Psophia crepitans,2,2,Appears to be flocking around the camera
37,CT1E,18/09/2014,15/10/2014,28,12:49,B,Black Curassow,Crax alector,3,1,Just standing in front of the camera
39,CT1B,18/09/2014,21/09/2014,4,12:11,M,Agouti,Dasyprocta leporina,1,1,Appears to be running
39,CT1B,18/09/2014,27/09/2014,10,18:32,M,Lowland Paca,Cuniculus paca,1,1,Appears to be running
39,CT1B,18/09/2014,01/10/2014,14,17:06,M,Agouti,Dasyprocta leporina,1,1,"Appears to be running,scar on left side face"
39,CT1B,18/09/2014,02/10/2014,15,2:55,M,Lowland Paca,Cuniculus paca,1,1,Appears to be walking
39,CT1B,18/09/2014,05/10/2014,18,8:09,M,Collared Peccary,Pecari tajacu,1,1,Appears to be walking
39,CT1B,18/09/2014,05/10/2014,18,23:10,M,Lowland Paca,Cuniculus paca,1,1,Appears to be walking
39,CT1B,18/09/2014,08/10/2014,21,5:31,M,Agouti,Dasyprocta leporina,3,1,"Appears to be running,scar on left side face"
39,CT1B,18/09/2014,11/10/2014,24,5:44,M,Agouti,Dasyprocta leporina,1,1,Appears to be walking
39,CT1B,18/09/2014,11/10/2014,24,18:32,M,Lowland Paca,Cuniculus paca,1,1,Appears to be walking
39,CT1B,18/09/2014,11/10/2014,24,21:58,M,Lowland Paca,Cuniculus paca,1,1,Appears to be walking
39,CT1B,18/09/2014,15/10/2014,28,5:32,M,Agouti,Dasyprocta leporina,1,1,"Appears to be walking, scar on left side face"
39,CT1B,18/09/2014,15/10/2014,28,9:27,B,Grey-winged trumpeter,Psophia crepitans,2,2,Just standing
39,CT1B,18/09/2014,15/10/2014,28,19:08,M,Red Brocket deer,Mazama americana,1,1,Only rear end is visible
39,CT1B,18/09/2014,15/10/2014,28,19:26,M,Armadillo,Dasypus sp.,1,1,Appears to be foraging
39,CT1B,18/09/2014,18/10/2014,31,19:15,M,Red Brocket deer,Mazama americana,2,1,Appears to be walking
39,CT1B,18/09/2014,07/11/2014,51,6:52,M,Agouti,Dasyprocta leporina,1,1,Appears to be walking
39,CT1B,18/09/2014,08/11/2014,52,8:28,M,Collared Peccary,Pecari tajacu,1,1,"Appears to be walking, male"
40,CT4A,21/09/2014,23/09/2014,3,8:09,B,Grey-winged trumpeter,Psophia crepitans ,1,2,Left side of body
40,CT4A,21/09/2014,25/09/2014,5,17:02,M,Agouti,Dasyprocta leporina,1,1,"Right side of body, large swelling on right forelegs"
40,CT4A,21/09/2014,29/09/2014,9,2:53,M,Ocelot,Leopardus pardalis,1,1,Right side of body
40,CT4A,21/09/2014,08/10/2014,18,10:54,M,Agouti,Dasyprocta leporina,1,1,Right side of body
40,CT4A,21/09/2014,23/10/2014,33,10:28,M,Jaguar,Panthera onca,1,1,Right side of body. Juvenile
40,CT4A,21/09/2014,25/10/2014,35,13:06,B,Grey-winged trumpeter,Psophia crepitans ,1,1,Head region
40,CT4A,21/09/2014,26/10/2014,36,21:29,M,Lowland Paca,Cuniculus paca,1,1,Right-frontal region
40,CT4A,21/09/2014,30/10/2014,40,8:57,M,Collared Peccary,Pecari tajacu,1,1,Left side of body
40,CT4A,21/09/2014,02/11/2014,43,3:28,M,Red Brocket deer,Mazama americana,1,1,"Right side of body, bruise on lower right leg"
43,CT4B,21/09/2014,01/10/2014,11,17:08,M,Puma,Puma concolor,1,1,appears to be a puma.. Review
43,CT4B,21/09/2014,08/10/2014,18,9:24,M,Collared Peccary,Pecari tajacu,1,1,
43,CT4B,21/09/2014,09/10/2014,19,9:17,M,Agouti,Dasyprocta leporina,1,1,The animal is is walking passed the camera.
43,CT4B,21/09/2014,12/10/2014,22,15:30,M,Agouti,Dasyprocta leporina,1,1,
43,CT4B,21/09/2014,01/11/2014,42,13:13,M,Collared Peccary,Pecari tajacu,1,1,Solitary individual walking passed the camera.
43,CT4B,21/09/2014,02/11/2014,43,8:18,B,Black Curassow,Crax alector,2,1,
43,CT4B,21/09/2014,05/11/2014,46,11:55,B,Grey-winged trumpeter,Psophia crepitans,2,2,
43,CT4B,21/09/2014,07/11/2014,48,11:27,M,Collared Peccary,Pecari tajacu,1,1,The photograph is exceptionally dark for the time at which it was recorded. 
46,CT6N,24/09/2014,31/10/2014,38,6:25,M,Agouti,Dasyprocta leporina,1,1,"The right side of the animal has a few clear patches of skin, possibly from old wounds"
46,CT6N,24/09/2014,31/10/2014,38,15:04,M,Tayra,Eira barbara,1,1,Animal is hurriedly going passed the camera.
47,CT5A,22/09/2014,04/10/2014,13,8:48,M,Giant Anteater,Myrmecophaga tridactyla,1,1,Head region 
47,CT5A,22/09/2014,22/10/2014,31,20:49,M,Red Brocket deer,Mazama americana,1,1,Left posterior region pictured
47,CT5A,22/09/2014,25/10/2014,34,6:17,B,Grey-winged trumpeter,Psophia crepitans ,1,1,Left region of body
47,CT5A,22/09/2014,04/11/2014,44,1:20,M,Red Brocket deer,Mazama americana,1,1,Left side of body
47,CT5A,22/09/2014,10/11/2014,50,4:07,M,Red Brocket deer,Mazama americana,1,1,"Right side of body, bruise on left hind leg"
49,CT1N,24/09/2014,25/09/2014,2,5:05,M,Red Brocket deer,Mazama americana,2,1,Bruise on right side of neck
49,CT1N,24/09/2014,01/10/2014,8,9:06,M,Tapir,Tapirus terrestris,2,1,Head region
49,CT1N,24/09/2014,01/10/2014,8,11:20,M,Collared Peccary,Pecari tajacu,11,2,Peccary sniffing around
49,CT1N,24/09/2014,20/10/2014,27,6:30,M,Collared Peccary,Pecari tajacu,2,3,Sniffing around
49,CT1N,24/09/2014,30/10/2014,37,10:47,B,Black Curassow,Crax alector,3,1,Left and right region of head
49,CT1N,24/09/2014,01/11/2014,39,19:25,M,Red Brocket deer,Mazama americana,1,1,"Right, frontal region, deer sniffing around"
50,CT1Z,18/09/2014,21/09/2014,4,8:40,M,Collared Peccary,Pecari tajacu,1,1,
50,CT1Z,18/09/2014,21/09/2014,4,11:19,M,Collared Peccary,Pecari tajacu,2,1,Animal in each case is passing the area described above.
50,CT1Z,18/09/2014,23/09/2014,6,14:11,M,Collared Peccary,Pecari tajacu,2,2,One animal is seen walking passed the camera while another is seen foraging
50,CT1Z,18/09/2014,24/09/2014,7,8:58,M,Collared Peccary,Pecari tajacu,2,2,Two animals are seen foraging in the lightly excavated area.
50,CT1Z,18/09/2014,29/09/2014,12,8:05,M,Collared Peccary,Pecari tajacu,3,2,
50,CT1Z,18/09/2014,10/10/2014,23,13:08,M,Agouti,Dasyprocta leporina,1,1,Animal is walking passed and apparently sniffing the area in front of the camera.
50,CT1Z,18/09/2014,11/10/2014,24,23:41,M,Red Brocket Deer,Mazama americana,1,1,"Animal is walking passed the camera, short antlers are present."
50,CT1Z,18/09/2014,12/10/2014,25,20:08,M,Armadillo,Dasypus sp.,1,1,Scurrying passed the camera.
50,CT1Z,18/09/2014,13/10/2014,26,5:42,B,Black Curassow,Crax alector,1,1,Strutting passed the camera.
50,CT1Z,18/09/2014,13/10/2014,26,19:43,M,Ocelot,Leopardus pardalis,1,1,Photo taken on left side of the animal.
50,CT1Z,18/09/2014,15/10/2014,28,5:54,B,Black Curassow,Crax alector,1,2,A pair of birds walking passed the camera.
50,CT1Z,18/09/2014,21/10/2014,34,5:52,B,Black Curassow,Crax alector,1,1,Single bird walking away in the direction in which the camera is pointing.
50,CT1Z,18/09/2014,21/10/2014,34,13:36,B,Black Curassow,Crax alector,1,1,Bird walking towards the right end of the picture.
50,CT1Z,18/09/2014,23/10/2014,36,15:50,B,Black Curassow,Crax alector,2,1,Bird walking towards the left end of the picture.
50,CT1Z,18/09/2014,24/10/2014,37,16:13,M,Agouti,Dasyprocta leporina,1,1,Animal is either fetching an object or has a wound on its upper jaw.
50,CT1Z,18/09/2014,25/10/2014,38,16:05,B,Black Curassow,Crax alector,2,2,
50,CT1Z,18/09/2014,28/10/2014,41,15:13,B,Black Curassow,Crax alector,1,1,Solitary animal walking passed the camera.
50,CT1Z,18/09/2014,29/10/2014,42,5:40,B,Grey-winged trumpeter,Psophia crepitans,1,6,"Group of animals gathered in the lightly excavated area, at least one of them appears to be foraging."
50,CT1Z,18/09/2014,01/11/2014,45,10:34,M,Collared Peccary,Pecari tajacu,2,2,It obscures the surroundings and possibly other individuals from view. 
50,CT1Z,18/09/2014,02/11/2014,46,12:13,B,Grey-winged trumpeter,Psophia crepitans,2,1,Animal is walking in one direction and then seems to make an about turn.
50,CT1Z,18/09/2014,04/11/2014,48,6:13,B,Black Curassow,Crax alector,1,1,Bird is strutting passed the camera.
50,CT1Z,18/09/2014,05/11/2014,49,13:31,B,Grey-winged trumpeter,Psophia crepitans,2,3,Animals are seen walking passed the camera
50,CT1Z,18/09/2014,07/11/2014,51,7:09,B,Black Curassow,Crax alector,1,1,Only part of the tail and wing of the animal are visible making identification tedious.
50,CT1Z,18/09/2014,07/11/2014,51,23:47,M,Red Brocket Deer,Mazama americana,1,1,Animal appears to be foraging.
50,CT1Z,18/09/2014,08/11/2014,52,17:10,B,Grey-winged trumpeter,Psophia crepitans,1,2,One animal has its head in a strange position with its beak open and its tongue out.
50,CT1Z,18/09/2014,10/11/2014,54,9:10,B,Black Curassow,Crax alector,1,1,Animal is walking passed the camera.
52,CT1D,18/09/2014,27/09/2014,10,10:02,M,Collared Peccary,Pecari tajacu,3,1,"Appears to be walking,looking directly in camera,"
52,CT1D,18/09/2014,09/10/2014,22,19:31,M,Lowland Paca,Cuniculus paca,1,1,Appears to be foraging
52,CT1D,18/09/2014,10/10/2014,23,11:23,M,Agouti,Dasyprocta leporina,1,1,Wound on the left side of the face
52,CT1D,18/09/2014,12/10/2014,25,8:22,M,Agouti,Dasyprocta leporina,1,1,Appears to be a scar on the left side of face and bruises on the fore leg
52,CT1D,18/09/2014,16/10/2014,29,12:17,M,Agouti,Dasyprocta leporina,1,1,Appears to have a swollwen mass above the left leg
52,CT1D,18/09/2014,18/10/2014,31,14:43,M,Agouti,Dasyprocta leporina,1,1,Appears to be looking for food
52,CT1D,18/09/2014,03/11/2014,47,19:01,M,Agouti,Dasyprocta leporina,1,1,Appears to be looking for food
53,CT6R,24/09/2014,29/09/2014,6,9:54,M,Collared Peccary,Pecari tajacu,5,3,Peccaries appear to be foraging and crossing the trail. Largest number observed in one photo is 3.
53,CT6R,24/09/2014,29/09/2014,6,10:17,M,Collared Peccary,Pecari tajacu,1,1,Three individuals again crossing the trail.
53,CT6R,24/09/2014,30/09/2014,7,14:19,M,Puma,Puma concolor,1,1,"Right side of animal taken, animal appears somewhat thin."
53,CT6R,24/09/2014,02/10/2014,9,18:58,M,Ocelot,Leopardus pardalis,1,1,Left side of male animal captured
53,CT6R,24/09/2014,03/10/2014,10,0:46,M,Red Brocket Deer,Mazama americana,1,1,Animal crossing the trail.
53,CT6R,24/09/2014,03/10/2014,10,2:40,M,Puma,Puma concolor,1,1,Right side of animal captured. Possibly an old circular wound present behind the right shoulder.
53,CT6R,24/09/2014,04/10/2014,11,12:09,M,Jaguar,Panthera onca,1,1,"Left side of animal captured, from left leg to tail in photo."
53,CT6R,24/09/2014,06/10/2014,13,23:11,M,Red Brocket Deer,Mazama americana,1,1,Animal crossing the trail.
53,CT6R,24/09/2014,07/10/2014,14,22:12,M,Ocelot,Leopardus pardalis,1,1,Right side of male animal captured.
53,CT6R,24/09/2014,09/10/2014,16,15:31,M,Agouti,Dasyprocta leporina,1,1,Animal crossing the trail.
53,CT6R,24/09/2014,11/10/2014,18,4:27,M,Jaguar,Panthera onca,1,1,"Right side of animal captured, anterior and mid section in photo. Appears young."
53,CT6R,24/09/2014,13/10/2014,20,3:55,M,Ocelot,Leopardus pardalis,1,1,Left side of male animal captured
53,CT6R,24/09/2014,18/10/2014,25,10:43,M,Jaguar,Panthera onca,1,1,Left side of animal captured.
53,CT6R,24/09/2014,22/10/2014,29,6:48,M,Agouti,Dasyprocta leporina,1,1,Animal crossing the trail.
53,CT6R,24/09/2014,22/10/2014,29,18:50,M,Ocelot,Leopardus pardalis,1,1,Right side of animal captured. 
53,CT6R,24/09/2014,24/10/2014,31,19:32,M,Ocelot,Leopardus pardalis,1,1,"Left side of male animal, mouth open. Bulging stomach. May have just eaten"
53,CT6R,24/09/2014,24/10/2014,31,23:00,M,Ocelot,Leopardus pardalis,1,1,"Right side of male animal, mouth open"
53,CT6R,24/09/2014,26/10/2014,33,1:04,M,Ocelot,Leopardus pardalis,1,1,Left side of animal.
53,CT6R,24/09/2014,26/10/2014,33,6:24,M,Puma,Puma concolor,1,1,Right side of animal except hind quarters.
53,CT6R,24/09/2014,02/11/2014,40,18:59,M,Ocelot,Leopardus pardalis,1,1,Left side of male animal.
53,CT6R,24/09/2014,04/11/2014,42,22:10,M,Ocelot,Leopardus pardalis,1,1,Right side of animal.
53,CT6R,24/09/2014,06/11/2014,44,14:20,M,Puma,Puma concolor,1,1,Right side of animal.
53,CT6R,24/09/2014,07/11/2014,45,18:55,M,Tapir,Tapirus terrestris,1,1,Large animal walking along trail.
53,CT6R,24/09/2014,09/11/2014,47,15:58,M,Agouti,Dasyprocta leporina,2,1,Animal appears to be fetching an item in its mouth.
53,CT6R,24/09/2014,13/11/2014,51,9:26,M,Agouti,Dasyprocta leporina,1,1,Animal walking along trail.
55,CT3B,20/09/2014,20/10/2014,31,6:43,M,Jaguar,Panthera onca,1,1,"Left side, sex could not be determined. Name: 4 Leaf Clover"
57,CT2D,19/09/2014,22/09/2014,4,11:11,M,Collared Peccary,Pecari tajacu,2,1,Peccary foraging in front of camera.
57,CT2D,19/09/2014,16/10/2014,28,20:47,M,Lowland Paca,Cuniculus paca,1,1,Walking passed camera.
57,CT2D,19/09/2014,07/11/2014,50,9:53,M,Agouti,Dasyprocta leporina,1,1,Animal has an injury on the left side of its mouth that appears to be healing well.
59,CT1A,18/09/2014,22/09/2014,5,7:39,M,Collared Peccary,Pecari tajacu,1,1,"Appears to be healthy, just walking"
59,CT1A,18/09/2014,22/09/2014,5,11:15,M,Giant Anteater,Myrmecophaga tridactyla,1,1,Only snout is visible
59,CT1A,18/09/2014,27/09/2014,10,10:08,M,Collared Peccary,Pecari tajacu,1,1,Appears to be foraging
59,CT1A,18/09/2014,01/10/2014,14,7:13,M,Tapir,Tapirus terrestris,5,1,"Female, appears to be foraging"
59,CT1A,18/09/2014,06/10/2014,19,20:30,M,Red Brocket deer,Mazama americana,1,1,Appears to be walking
59,CT1A,18/09/2014,16/10/2014,29,16:17,M,Ocelot,Leopardus pardalis,1,1,"Only the body is visible, appears to be an ocelot"
59,CT1A,18/09/2014,30/10/2014,43,10:30,B,Black Curassow,Crax alector,1,1,Just walking around
59,CT1A,18/09/2014,06/11/2014,50,22:45,M,Jaguarundi,Herpailurus yagouaroundi,1,1,"Appears to be healthy, just walking. Right"
59,CT1A,18/09/2014,08/11/2014,52,15:59,M,Collared Peccary,Pecari tajacu,3,2,Appears to be eating
60,CT1C,18/09/2014,20/09/2014,3,17:37,M,Ocelot,Leopardus pardalis,1,1,Right side of male animal.
60,CT1C,18/09/2014,20/09/2014,3,21:34,M,Armadillo,Dasypus sp.,1,1,Walking passed.
60,CT1C,18/09/2014,22/09/2014,5,21:02,M,Armadillo,Dasypus sp.,1,1,Walking passed.
60,CT1C,18/09/2014,23/09/2014,6,10:32,M,Collared Peccary,Pecari tajacu,2,2,Each picture shows one individual going in the same direction towards the right of the camera.
60,CT1C,18/09/2014,27/09/2014,10,11:39,B,Grey-winged trumpeter,Psophia crepitans,1,5,Group walking passed.
60,CT1C,18/09/2014,17/10/2014,30,3:30,M,Red Brocket Deer,Mazama americana,1,1,Foraging while walking passed
60,CT1C,18/09/2014,19/10/2014,32,9:20,B,Black Curassow,Crax alector,1,2,Observing camera trap.
60,CT1C,18/09/2014,22/10/2014,35,19:42,M,Lowland Paca,Cuniculus paca,1,1,Walking passed.
60,CT1C,18/09/2014,01/11/2014,45,7:25,M,Agouti,Dasyprocta leporina,3,1,Animal appears to be foraging.
60,CT1C,18/09/2014,01/11/2014,45,11:30,B,Grey-winged trumpeter,Psophia crepitans,1,2,Walking passed.
60,CT1C,18/09/2014,02/11/2014,46,5:49,M,Agouti,Dasyprocta leporina,1,1,Foraging at the center of the picture.
60,CT1C,18/09/2014,02/11/2014,46,17:23,M,Agouti,Dasyprocta leporina,2,1,
60,CT1C,18/09/2014,03/11/2014,47,16:31,M,Agouti,Dasyprocta leporina,4,1,Foraging at the center of the picture.
60,CT1C,18/09/2014,04/11/2014,48,12:25,M,Agouti,Dasyprocta leporina,1,1,Looking at the camera.
60,CT1C,18/09/2014,07/11/2014,51,15:45,M,Agouti,Dasyprocta leporina,2,1,Animal appears to be foraging.
60,CT1C,18/09/2014,08/11/2014,52,16:17,M,Agouti,Dasyprocta leporina,1,1,Walking passed.
